"Time","memory_limits"
1703334180000,6355456000
1703334185000,6355456000
1703334190000,6355456000
1703334195000,6355456000
1703334200000,6355456000
1703334205000,6355456000
1703334210000,6355456000
1703334215000,6355456000
1703334220000,6355456000
1703334225000,6355456000
1703334230000,6355456000
1703334235000,6355456000
1703334240000,6355456000
1703334245000,6355456000
1703334250000,6355456000
1703334255000,6355456000
1703334260000,6355456000
1703334265000,6355456000
1703334270000,6355456000
1703334275000,6355456000
1703334280000,6355456000
1703334285000,6355456000
1703334290000,6355456000
1703334295000,6355456000
1703334300000,6355456000
1703334305000,6355456000
1703334310000,6355456000
1703334315000,6355456000
1703334320000,6355456000
1703334325000,6355456000
1703334330000,6355456000
1703334335000,6355456000
1703334340000,6355456000
1703334345000,6355456000
1703334350000,6355456000
1703334355000,6355456000
1703334360000,6355456000
1703334365000,6355456000
1703334370000,6355456000
1703334375000,6355456000
1703334380000,6355456000
1703334385000,6355456000
1703334390000,6355456000
1703334395000,6355456000
1703334400000,6355456000
1703334405000,6355456000
1703334410000,6355456000
1703334415000,6355456000
1703334420000,6355456000
1703334425000,6355456000
1703334430000,6355456000
1703334435000,6355456000
1703334440000,6355456000
1703334445000,6355456000
1703334450000,6355456000
1703334455000,6355456000
1703334460000,6355456000
1703334465000,6355456000
1703334470000,6355456000
1703334475000,4090531840
1703334480000,4090531840
1703334485000,4090531840
1703334490000,4090531840
1703334495000,4090531840
1703334500000,4090531840
1703334505000,4090531840
1703334510000,4090531840
1703334515000,4090531840
1703334520000,4090531840
1703334525000,4090531840
1703334530000,4090531840
1703334535000,4090531840
1703334540000,4090531840
1703334545000,4090531840
1703334550000,4090531840
1703334555000,4090531840
1703334560000,4090531840
1703334565000,4090531840
1703334570000,4090531840
1703334575000,4090531840
1703334580000,4090531840
1703334585000,4090531840
1703334590000,4090531840
1703334595000,4090531840
1703334600000,4090531840
1703334605000,4090531840
1703334610000,4090531840
1703334615000,4090531840
1703334620000,4090531840
1703334625000,4090531840
1703334630000,4090531840
1703334635000,4090531840
1703334640000,4090531840
1703334645000,4090531840
1703334650000,4090531840
1703334655000,4090531840
1703334660000,4090531840
1703334665000,4090531840
1703334670000,4090531840
1703334675000,4090531840
1703334680000,4090531840
1703334685000,4090531840
1703334690000,4090531840
1703334695000,4090531840
1703334700000,4090531840
1703334705000,4090531840
1703334710000,4090531840
1703334715000,4090531840
1703334720000,4090531840
1703334725000,4090531840
1703334730000,4090531840
1703334735000,4090531840
1703334740000,4090531840
1703334745000,4090531840
1703334750000,4090531840
1703334755000,4090531840
1703334760000,4090531840
1703334765000,4090531840
1703334770000,4090531840
1703334775000,4090531840
1703334780000,4090531840
1703334785000,4090531840
1703334790000,4090531840
1703334795000,4090531840
1703334800000,4090531840
1703334805000,4090531840
1703334810000,4090531840
1703334815000,4090531840
1703334820000,4090531840
1703334825000,4090531840
1703334830000,4090531840
1703334835000,4090531840
1703334840000,4090531840
1703334845000,4090531840
1703334850000,4090531840
1703334855000,4090531840
1703334860000,4090531840
1703334865000,4090531840
1703334870000,4090531840
1703334875000,4090531840
1703334880000,4090531840
1703334885000,4090531840
1703334890000,4090531840
1703334895000,4090531840
1703334900000,4090531840
1703334905000,4090531840
1703334910000,4090531840
1703334915000,4090531840
1703334920000,4090531840
1703334925000,4090531840
1703334930000,4090531840
1703334935000,4090531840
1703334940000,4090531840
1703334945000,4090531840
1703334950000,4090531840
1703334955000,4090531840
1703334960000,4090531840
1703334965000,4090531840
1703334970000,4090531840
1703334975000,4090531840
1703334980000,4090531840
1703334985000,4090531840
1703334990000,4090531840
1703334995000,4090531840
1703335000000,4090531840
1703335005000,4090531840
1703335010000,4090531840
1703335015000,4090531840
1703335020000,4090531840
1703335025000,4090531840
1703335030000,4090531840
1703335035000,4090531840
1703335040000,4090531840
1703335045000,4090531840
1703335050000,4090531840
1703335055000,4090531840
1703335060000,4090531840
1703335065000,4090531840
1703335070000,4090531840
1703335075000,4090531840
1703335080000,4090531840
1703335085000,4090531840
1703335090000,4090531840
1703335095000,4090531840
1703335100000,4090531840
1703335105000,4090531840
1703335110000,4090531840
1703335115000,4090531840
1703335120000,4090531840
1703335125000,4090531840
1703335130000,4090531840
1703335135000,4090531840
1703335140000,4090531840
1703335145000,4090531840
1703335150000,4090531840
1703335155000,4090531840
1703335160000,4090531840
1703335165000,4090531840
1703335170000,4090531840
1703335175000,4090531840
1703335180000,4090531840
1703335185000,4090531840
1703335190000,4090531840
1703335195000,4090531840
1703335200000,4090531840
1703335205000,4090531840
1703335210000,4090531840
1703335215000,4090531840
1703335220000,4090531840
1703335225000,4090531840
1703335230000,4090531840
1703335235000,4090531840
1703335240000,4090531840
1703335245000,4090531840
1703335250000,4090531840
1703335255000,4090531840
1703335260000,4090531840
1703335265000,4090531840
1703335270000,4090531840
1703335275000,4090531840
1703335280000,4090531840
1703335285000,4090531840
1703335290000,5057318912
1703335295000,5057318912
1703335300000,5057318912
1703335305000,5057318912
1703335310000,5057318912
1703335315000,5057318912
1703335320000,5057318912
1703335325000,5057318912
1703335330000,5057318912
1703335335000,5057318912
1703335340000,5057318912
1703335345000,5057318912
1703335350000,5057318912
1703335355000,5057318912
1703335360000,5057318912
1703335365000,5057318912
1703335370000,5057318912
1703335375000,5057318912
1703335380000,5057318912
1703335385000,5057318912
1703335390000,5057318912
1703335395000,5057318912
1703335400000,5057318912
1703335405000,5057318912
1703335410000,5057318912
1703335415000,5057318912
1703335420000,5057318912
1703335425000,5057318912
1703335430000,5057318912
1703335435000,5057318912
1703335440000,5057318912
1703335445000,5057318912
1703335450000,5057318912
1703335455000,5057318912
1703335460000,5057318912
1703335465000,5057318912
1703335470000,5057318912
1703335475000,5057318912
1703335480000,5057318912
1703335485000,5057318912
1703335490000,5057318912
1703335495000,5057318912
1703335500000,5057318912
1703335505000,5057318912
1703335510000,5057318912
1703335515000,5057318912
1703335520000,5057318912
1703335525000,5057318912
1703335530000,5057318912
1703335535000,5057318912
1703335540000,5057318912
1703335545000,5057318912
1703335550000,5057318912
1703335555000,5057318912
1703335560000,5057318912
1703335565000,5057318912
1703335570000,5057318912
1703335575000,5057318912
1703335580000,5057318912
1703335585000,5057318912
1703335590000,5057318912
1703335595000,5057318912
1703335600000,5057318912
1703335605000,5057318912
1703335610000,5057318912
1703335615000,5057318912
1703335620000,5057318912
1703335625000,5057318912
1703335630000,5057318912
1703335635000,5057318912
1703335640000,5057318912
1703335645000,5057318912
1703335650000,5057318912
1703335655000,5057318912
1703335660000,5057318912
1703335665000,5057318912
1703335670000,5057318912
1703335675000,5057318912
1703335680000,5057318912
1703335685000,5057318912
1703335690000,5057318912
1703335695000,5057318912
1703335700000,5057318912
1703335705000,5057318912
1703335710000,5057318912
1703335715000,5057318912
1703335720000,5057318912
1703335725000,5057318912
1703335730000,5057318912
1703335735000,5057318912
1703335740000,5057318912
1703335745000,5057318912
1703335750000,5057318912
1703335755000,5057318912
1703335760000,5057318912
1703335765000,5057318912
1703335770000,5057318912
1703335775000,5057318912
1703335780000,5057318912
1703335785000,5057318912
1703335790000,5057318912
1703335795000,5057318912
1703335800000,5057318912
1703335805000,5057318912
1703335810000,5057318912
1703335815000,5057318912
1703335820000,5057318912
1703335825000,5057318912
1703335830000,5057318912
1703335835000,5057318912
1703335840000,5057318912
1703335845000,5057318912
1703335850000,5057318912
1703335855000,5057318912
1703335860000,5057318912
1703335865000,5057318912
1703335870000,5057318912
1703335875000,5057318912
1703335880000,5057318912
1703335885000,5057318912
1703335890000,5057318912
1703335895000,5057318912
1703335900000,5057318912
1703335905000,5057318912
1703335910000,5057318912
1703335915000,5057318912
1703335920000,5057318912
1703335925000,5057318912
1703335930000,5057318912
1703335935000,5057318912
1703335940000,5057318912
1703335945000,5057318912
1703335950000,5057318912
1703335955000,5057318912
1703335960000,5057318912
1703335965000,5057318912
1703335970000,5057318912
1703335975000,5057318912
1703335980000,5057318912
1703335985000,5057318912
1703335990000,5057318912
1703335995000,5057318912
1703336000000,5057318912
1703336005000,5057318912
1703336010000,5057318912
1703336015000,5057318912
1703336020000,5057318912
1703336025000,5057318912
1703336030000,5057318912
1703336035000,5057318912
1703336040000,5057318912
1703336045000,5057318912
1703336050000,5057318912
1703336055000,5057318912
1703336060000,5057318912
1703336065000,5057318912
1703336070000,5057318912
1703336075000,5057318912
1703336080000,5057318912
1703336085000,5057318912
1703336090000,5057318912
1703336095000,5057318912
1703336100000,5057318912
1703336105000,5057318912
1703336110000,5057318912
1703336115000,5057318912
1703336120000,5057318912
1703336125000,5057318912
1703336130000,5057318912
1703336135000,5057318912
1703336140000,5057318912
1703336145000,5057318912
1703336150000,5057318912
1703336155000,5057318912
1703336160000,5057318912
1703336165000,5057318912
1703336170000,5057318912
1703336175000,5057318912
1703336180000,5057318912
1703336185000,5057318912
1703336190000,5057318912
1703336195000,5057318912
1703336200000,5057318912
1703336205000,5057318912
1703336210000,5057318912
1703336215000,5057318912
1703336220000,5057318912
1703336225000,5057318912
1703336230000,5057318912
1703336235000,5057318912
1703336240000,5057318912
1703336245000,5057318912
1703336250000,5057318912
1703336255000,5057318912
1703336260000,5057318912
1703336265000,5057318912
1703336270000,5057318912
1703336275000,5057318912
1703336280000,5057318912
1703336285000,5057318912
1703336290000,5057318912
1703336295000,5057318912
1703336300000,5057318912
1703336305000,5057318912
1703336310000,5057318912
1703336315000,5057318912
1703336320000,5057318912
1703336325000,5057318912
1703336330000,5057318912
1703336335000,5057318912
1703336340000,5057318912
1703336345000,5057318912
1703336350000,5057318912
1703336355000,5057318912
1703336360000,5057318912
1703336365000,5057318912
1703336370000,5057318912
1703336375000,5057318912
1703336380000,5057318912
1703336385000,5057318912
1703336390000,5057318912
1703336395000,5057318912
1703336400000,5057318912
1703336405000,5057318912
1703336410000,5057318912
1703336415000,5057318912
1703336420000,5057318912
1703336425000,5057318912
1703336430000,5057318912
1703336435000,5057318912
1703336440000,5057318912
1703336445000,5057318912
1703336450000,5057318912
1703336455000,5057318912
1703336460000,5057318912
1703336465000,5057318912
1703336470000,5057318912
1703336475000,5057318912
1703336480000,5057318912
1703336485000,5057318912
1703336490000,5057318912
1703336495000,5057318912
1703336500000,5057318912
1703336505000,5057318912
1703336510000,5057318912
1703336515000,5057318912
1703336520000,5057318912
1703336525000,5057318912
1703336530000,5057318912
1703336535000,5057318912
1703336540000,5057318912
1703336545000,5057318912
1703336550000,5057318912
1703336555000,5057318912
1703336560000,5057318912
1703336565000,5057318912
1703336570000,5057318912
1703336575000,5057318912
1703336580000,5057318912
1703336585000,5057318912
1703336590000,5057318912
1703336595000,5057318912
1703336600000,5057318912
1703336605000,5057318912
1703336610000,5057318912
1703336615000,5057318912
1703336620000,5057318912
1703336625000,5057318912
1703336630000,5057318912
1703336635000,5057318912
1703336640000,5057318912
1703336645000,5057318912
1703336650000,5057318912
1703336655000,5057318912
1703336660000,5057318912
1703336665000,5057318912
1703336670000,5057318912
1703336675000,5057318912
1703336680000,5057318912
1703336685000,5057318912
1703336690000,5057318912
1703336695000,5057318912
1703336700000,5057318912
1703336705000,5057318912
1703336710000,5057318912
1703336715000,5057318912
1703336720000,5057318912
1703336725000,5057318912
1703336730000,5057318912
1703336735000,5057318912
1703336740000,5057318912
1703336745000,5057318912
1703336750000,5057318912
1703336755000,5057318912
1703336760000,5057318912
1703336765000,5057318912
1703336770000,5057318912
1703336775000,5057318912
1703336780000,5057318912
1703336785000,5057318912
1703336790000,5057318912
1703336795000,5057318912
1703336800000,5057318912
1703336805000,5057318912
1703336810000,5057318912
1703336815000,5057318912
1703336820000,5057318912
1703336825000,5057318912
1703336830000,5057318912
1703336835000,5057318912
1703336840000,5057318912
1703336845000,5057318912
1703336850000,5057318912
1703336855000,5057318912
1703336860000,5057318912
1703336865000,5057318912
1703336870000,5057318912
1703336875000,5057318912
1703336880000,5057318912
1703336885000,5057318912
1703336890000,5057318912
1703336895000,5057318912
1703336900000,5057318912
1703336905000,5057318912
1703336910000,5057318912
1703336915000,5057318912
1703336920000,5057318912
1703336925000,5057318912
1703336930000,5057318912
1703336935000,5057318912
1703336940000,5057318912
1703336945000,5057318912
1703336950000,5057318912
1703336955000,5057318912
1703336960000,5057318912
1703336965000,5057318912
1703336970000,5057318912
1703336975000,5057318912
1703336980000,5057318912
1703336985000,5057318912
1703336990000,5057318912
1703336995000,5057318912
1703337000000,5057318912
1703337005000,5057318912
1703337010000,5057318912
1703337015000,5057318912
1703337020000,5057318912
1703337025000,5057318912
1703337030000,5057318912
1703337035000,5057318912
1703337040000,5057318912
1703337045000,5057318912
1703337050000,5057318912
1703337055000,5057318912
1703337060000,5057318912
1703337065000,5057318912
1703337070000,5057318912
1703337075000,5057318912
1703337080000,5057318912
1703337085000,5057318912
1703337090000,5057318912
1703337095000,5057318912
1703337100000,5057318912
1703337105000,5057318912
1703337110000,5057318912
1703337115000,5057318912
1703337120000,5057318912
1703337125000,5057318912
1703337130000,5057318912
1703337135000,5057318912
1703337140000,5057318912
1703337145000,5057318912
1703337150000,5057318912
1703337155000,5057318912
1703337160000,5057318912
1703337165000,5057318912
1703337170000,5057318912
1703337175000,5057318912
1703337180000,5057318912
1703337185000,5057318912
1703337190000,5057318912
1703337195000,5057318912
1703337200000,5057318912
1703337205000,5057318912
1703337210000,5057318912
1703337215000,5057318912
1703337220000,5057318912
1703337225000,5057318912
1703337230000,5057318912
1703337235000,5057318912
1703337240000,5057318912
1703337245000,5057318912
1703337250000,5057318912
1703337255000,5057318912
1703337260000,5057318912
1703337265000,5057318912
1703337270000,5057318912
1703337275000,5057318912
1703337280000,5057318912
1703337285000,5057318912
1703337290000,5057318912
1703337295000,5057318912
1703337300000,5057318912
1703337305000,5057318912
1703337310000,5057318912
1703337315000,5057318912
1703337320000,5057318912
1703337325000,5057318912
1703337330000,5057318912
1703337335000,5057318912
1703337340000,5057318912
1703337345000,5057318912
1703337350000,5057318912
1703337355000,5057318912
1703337360000,5057318912
1703337365000,5057318912
1703337370000,5057318912
1703337375000,5057318912
1703337380000,5057318912
1703337385000,5057318912
1703337390000,5057318912
1703337395000,5057318912
1703337400000,5057318912
1703337405000,5057318912
1703337410000,5057318912
1703337415000,5057318912
1703337420000,5057318912
1703337425000,5057318912
1703337430000,5057318912
1703337435000,5057318912
1703337440000,5057318912
1703337445000,5057318912
1703337450000,5057318912
1703337455000,5057318912
1703337460000,5057318912
1703337465000,5057318912
1703337470000,5057318912
1703337475000,5057318912
1703337480000,5057318912

