"Time","nodeCount"
1703334180000,1
1703334185000,1
1703334190000,1
1703334195000,1
1703334200000,1
1703334205000,1
1703334210000,1
1703334215000,1
1703334220000,1
1703334225000,1
1703334230000,1
1703334235000,1
1703334240000,1
1703334245000,1
1703334250000,1
1703334255000,1
1703334260000,1
1703334265000,1
1703334270000,1
1703334275000,1
1703334280000,1
1703334285000,1
1703334290000,1
1703334295000,1
1703334300000,1
1703334305000,1
1703334310000,1
1703334315000,1
1703334320000,1
1703334325000,1
1703334330000,1
1703334335000,1
1703334340000,1
1703334345000,1
1703334350000,1
1703334355000,1
1703334360000,1
1703334365000,1
1703334370000,1
1703334375000,1
1703334380000,1
1703334385000,1
1703334390000,1
1703334395000,1
1703334400000,1
1703334405000,1
1703334410000,1
1703334415000,1
1703334420000,1
1703334425000,1
1703334430000,1
1703334435000,1
1703334440000,1
1703334445000,1
1703334450000,1
1703334455000,1
1703334460000,1
1703334465000,1
1703334470000,1
1703334475000,1
1703334480000,1
1703334485000,1
1703334490000,1
1703334495000,1
1703334500000,1
1703334505000,1
1703334510000,1
1703334515000,1
1703334520000,1
1703334525000,1
1703334530000,1
1703334535000,1
1703334540000,1
1703334545000,1
1703334550000,1
1703334555000,1
1703334560000,1
1703334565000,1
1703334570000,1
1703334575000,1
1703334580000,1
1703334585000,1
1703334590000,1
1703334595000,1
1703334600000,1
1703334605000,1
1703334610000,1
1703334615000,1
1703334620000,1
1703334625000,1
1703334630000,1
1703334635000,1
1703334640000,1
1703334645000,1
1703334650000,1
1703334655000,1
1703334660000,1
1703334665000,1
1703334670000,1
1703334675000,1
1703334680000,1
1703334685000,1
1703334690000,1
1703334695000,1
1703334700000,1
1703334705000,1
1703334710000,1
1703334715000,1
1703334720000,1
1703334725000,1
1703334730000,1
1703334735000,1
1703334740000,1
1703334745000,1
1703334750000,1
1703334755000,1
1703334760000,1
1703334765000,1
1703334770000,1
1703334775000,1
1703334780000,1
1703334785000,1
1703334790000,1
1703334795000,1
1703334800000,1
1703334805000,1
1703334810000,1
1703334815000,1
1703334820000,1
1703334825000,1
1703334830000,1
1703334835000,1
1703334840000,1
1703334845000,1
1703334850000,1
1703334855000,1
1703334860000,1
1703334865000,1
1703334870000,1
1703334875000,1
1703334880000,1
1703334885000,1
1703334890000,1
1703334895000,1
1703334900000,1
1703334905000,1
1703334910000,1
1703334915000,1
1703334920000,1
1703334925000,1
1703334930000,1
1703334935000,1
1703334940000,1
1703334945000,1
1703334950000,1
1703334955000,1
1703334960000,1
1703334965000,1
1703334970000,1
1703334975000,1
1703334980000,1
1703334985000,1
1703334990000,1
1703334995000,1
1703335000000,1
1703335005000,1
1703335010000,1
1703335015000,1
1703335020000,1
1703335025000,1
1703335030000,1
1703335035000,1
1703335040000,1
1703335045000,1
1703335050000,1
1703335055000,1
1703335060000,1
1703335065000,1
1703335070000,1
1703335075000,1
1703335080000,1
1703335085000,1
1703335090000,1
1703335095000,1
1703335100000,1
1703335105000,1
1703335110000,1
1703335115000,1
1703335120000,1
1703335125000,1
1703335130000,1
1703335135000,1
1703335140000,1
1703335145000,1
1703335150000,1
1703335155000,1
1703335160000,1
1703335165000,1
1703335170000,1
1703335175000,1
1703335180000,1
1703335185000,1
1703335190000,1
1703335195000,1
1703335200000,1
1703335205000,1
1703335210000,1
1703335215000,1
1703335220000,1
1703335225000,1
1703335230000,1
1703335235000,1
1703335240000,1
1703335245000,1
1703335250000,1
1703335255000,1
1703335260000,1
1703335265000,1
1703335270000,1
1703335275000,1
1703335280000,1
1703335285000,1
1703335290000,1
1703335295000,1
1703335300000,2
1703335305000,2
1703335310000,2
1703335315000,2
1703335320000,2
1703335325000,2
1703335330000,2
1703335335000,2
1703335340000,2
1703335345000,2
1703335350000,2
1703335355000,2
1703335360000,2
1703335365000,2
1703335370000,2
1703335375000,2
1703335380000,2
1703335385000,2
1703335390000,2
1703335395000,2
1703335400000,2
1703335405000,2
1703335410000,2
1703335415000,2
1703335420000,2
1703335425000,2
1703335430000,2
1703335435000,2
1703335440000,2
1703335445000,2
1703335450000,2
1703335455000,2
1703335460000,2
1703335465000,2
1703335470000,2
1703335475000,2
1703335480000,2
1703335485000,2
1703335490000,2
1703335495000,2
1703335500000,2
1703335505000,2
1703335510000,2
1703335515000,2
1703335520000,2
1703335525000,2
1703335530000,2
1703335535000,2
1703335540000,2
1703335545000,2
1703335550000,2
1703335555000,2
1703335560000,2
1703335565000,2
1703335570000,2
1703335575000,2
1703335580000,2
1703335585000,2
1703335590000,2
1703335595000,2
1703335600000,2
1703335605000,2
1703335610000,2
1703335615000,2
1703335620000,2
1703335625000,2
1703335630000,2
1703335635000,2
1703335640000,2
1703335645000,2
1703335650000,2
1703335655000,2
1703335660000,2
1703335665000,2
1703335670000,2
1703335675000,2
1703335680000,2
1703335685000,2
1703335690000,2
1703335695000,2
1703335700000,2
1703335705000,2
1703335710000,2
1703335715000,2
1703335720000,2
1703335725000,2
1703335730000,2
1703335735000,2
1703335740000,2
1703335745000,2
1703335750000,2
1703335755000,2
1703335760000,2
1703335765000,2
1703335770000,2
1703335775000,2
1703335780000,2
1703335785000,2
1703335790000,2
1703335795000,2
1703335800000,2
1703335805000,2
1703335810000,2
1703335815000,2
1703335820000,2
1703335825000,2
1703335830000,2
1703335835000,2
1703335840000,2
1703335845000,2
1703335850000,2
1703335855000,2
1703335860000,2
1703335865000,2
1703335870000,2
1703335875000,2
1703335880000,2
1703335885000,2
1703335890000,2
1703335895000,2
1703335900000,2
1703335905000,2
1703335910000,2
1703335915000,2
1703335920000,2
1703335925000,2
1703335930000,2
1703335935000,2
1703335940000,2
1703335945000,2
1703335950000,2
1703335955000,2
1703335960000,2
1703335965000,2
1703335970000,2
1703335975000,2
1703335980000,2
1703335985000,2
1703335990000,2
1703335995000,2
1703336000000,2
1703336005000,2
1703336010000,2
1703336015000,2
1703336020000,2
1703336025000,2
1703336030000,2
1703336035000,2
1703336040000,2
1703336045000,2
1703336050000,2
1703336055000,2
1703336060000,2
1703336065000,2
1703336070000,2
1703336075000,2
1703336080000,2
1703336085000,2
1703336090000,2
1703336095000,2
1703336100000,2
1703336105000,2
1703336110000,2
1703336115000,2
1703336120000,2
1703336125000,2
1703336130000,2
1703336135000,2
1703336140000,2
1703336145000,2
1703336150000,2
1703336155000,2
1703336160000,2
1703336165000,2
1703336170000,2
1703336175000,2
1703336180000,2
1703336185000,2
1703336190000,2
1703336195000,2
1703336200000,2
1703336205000,2
1703336210000,2
1703336215000,2
1703336220000,2
1703336225000,2
1703336230000,2
1703336235000,2
1703336240000,2
1703336245000,2
1703336250000,2
1703336255000,2
1703336260000,2
1703336265000,2
1703336270000,2
1703336275000,2
1703336280000,2
1703336285000,2
1703336290000,2
1703336295000,2
1703336300000,2
1703336305000,2
1703336310000,2
1703336315000,2
1703336320000,2
1703336325000,2
1703336330000,2
1703336335000,2
1703336340000,2
1703336345000,2
1703336350000,2
1703336355000,2
1703336360000,2
1703336365000,2
1703336370000,2
1703336375000,2
1703336380000,2
1703336385000,2
1703336390000,2
1703336395000,2
1703336400000,2
1703336405000,2
1703336410000,2
1703336415000,2
1703336420000,2
1703336425000,2
1703336430000,3
1703336435000,3
1703336440000,3
1703336445000,3
1703336450000,3
1703336455000,3
1703336460000,3
1703336465000,3
1703336470000,3
1703336475000,3
1703336480000,3
1703336485000,3
1703336490000,3
1703336495000,3
1703336500000,3
1703336505000,3
1703336510000,3
1703336515000,3
1703336520000,3
1703336525000,3
1703336530000,3
1703336535000,3
1703336540000,3
1703336545000,3
1703336550000,3
1703336555000,3
1703336560000,3
1703336565000,3
1703336570000,3
1703336575000,3
1703336580000,3
1703336585000,3
1703336590000,3
1703336595000,3
1703336600000,3
1703336605000,3
1703336610000,3
1703336615000,3
1703336620000,3
1703336625000,3
1703336630000,3
1703336635000,3
1703336640000,3
1703336645000,3
1703336650000,3
1703336655000,3
1703336660000,3
1703336665000,3
1703336670000,3
1703336675000,3
1703336680000,3
1703336685000,3
1703336690000,3
1703336695000,3
1703336700000,3
1703336705000,3
1703336710000,3
1703336715000,3
1703336720000,3
1703336725000,3
1703336730000,3
1703336735000,3
1703336740000,3
1703336745000,3
1703336750000,3
1703336755000,3
1703336760000,3
1703336765000,3
1703336770000,3
1703336775000,3
1703336780000,3
1703336785000,3
1703336790000,3
1703336795000,3
1703336800000,3
1703336805000,3
1703336810000,3
1703336815000,3
1703336820000,3
1703336825000,3
1703336830000,3
1703336835000,3
1703336840000,3
1703336845000,3
1703336850000,3
1703336855000,3
1703336860000,3
1703336865000,3
1703336870000,3
1703336875000,3
1703336880000,3
1703336885000,3
1703336890000,3
1703336895000,3
1703336900000,3
1703336905000,3
1703336910000,3
1703336915000,3
1703336920000,3
1703336925000,3
1703336930000,3
1703336935000,3
1703336940000,3
1703336945000,3
1703336950000,3
1703336955000,3
1703336960000,3
1703336965000,3
1703336970000,3
1703336975000,3
1703336980000,3
1703336985000,3
1703336990000,3
1703336995000,3
1703337000000,3
1703337005000,3
1703337010000,3
1703337015000,3
1703337020000,3
1703337025000,3
1703337030000,3
1703337035000,3
1703337040000,3
1703337045000,3
1703337050000,3
1703337055000,3
1703337060000,3
1703337065000,3
1703337070000,3
1703337075000,3
1703337080000,3
1703337085000,3
1703337090000,3
1703337095000,3
1703337100000,3
1703337105000,3
1703337110000,3
1703337115000,3
1703337120000,3
1703337125000,3
1703337130000,3
1703337135000,3
1703337140000,3
1703337145000,3
1703337150000,3
1703337155000,3
1703337160000,3
1703337165000,3
1703337170000,3
1703337175000,3
1703337180000,3
1703337185000,3
1703337190000,3
1703337195000,3
1703337200000,3
1703337205000,3
1703337210000,3
1703337215000,3
1703337220000,3
1703337225000,3
1703337230000,3
1703337235000,3
1703337240000,3
1703337245000,3
1703337250000,3
1703337255000,3
1703337260000,3
1703337265000,3
1703337270000,3
1703337275000,3
1703337280000,3
1703337285000,3
1703337290000,3
1703337295000,3
1703337300000,3
1703337305000,3
1703337310000,3
1703337315000,3
1703337320000,3
1703337325000,3
1703337330000,3
1703337335000,3
1703337340000,3
1703337345000,3
1703337350000,3
1703337355000,3
1703337360000,3
1703337365000,3
1703337370000,3
1703337375000,3
1703337380000,3
1703337385000,3
1703337390000,3
1703337395000,3
1703337400000,3
1703337405000,3
1703337410000,3
1703337415000,3
1703337420000,3
1703337425000,3
1703337430000,3
1703337435000,3
1703337440000,3
1703337445000,3
1703337450000,3
1703337455000,3
1703337460000,3
1703337465000,3
1703337470000,3
1703337475000,3
1703337480000,3

