"Time","memory_utilization"
1700141025000,0.5064490453556755
1700141030000,0.5064490453556755
1700141035000,0.5064696688955128
1700141040000,0.5064786916941916
1700141045000,0.5064786916941916
1700141050000,0.5064786916941916
1700141055000,0.5064980262627891
1700141060000,0.5064980262627891
1700141065000,0.5064980262627891
1700141070000,0.5064806251510513
1700141075000,0.5064806251510513
1700141080000,0.5064806251510513
1700141085000,0.5065173608313864
1700141090000,0.5065173608313864
1700141095000,0.5070664625795537
1700141100000,0.5070664625795537
1700141105000,0.5070664625795537
1700141110000,0.5070664625795537
1700141115000,0.5070761298638524
1700141120000,0.5070761298638524
1700141125000,0.507109643116088
1700141130000,0.507109643116088
1700141135000,0.507109643116088
1700141140000,0.5071302666559252
1700141145000,0.5055325868041569
1700141150000,0.5055325868041569
1700141155000,0.5055325868041569
1700141160000,0.5056086361073069
1700141165000,0.5056086361073069
1700141170000,0.5056086361073069
1700141175000,0.5056086361073069
1700141180000,0.5056099250785467
1700141185000,0.5056099250785467
1700141190000,0.5056099250785467
1700141195000,0.5056395714170627
1700141200000,0.5056395714170627
1700141205000,0.5056395714170627
1700141210000,0.5056395714170627
1700141215000,0.5069504551679691
1700141220000,0.5069504551679691
1700141225000,0.5069504551679691
1700141230000,0.5064135986465802
1700141235000,0.5064135986465802
1700141240000,0.5064135986465802
1700141245000,0.5064348666720374
1700141250000,0.5064348666720374
1700141255000,0.5062892129219366
1700141260000,0.5062892129219366
1700141265000,0.5062892129219366
1700141270000,0.5062892129219366
1700141275000,0.506294368806896
1700141280000,0.506294368806896
1700141285000,0.5063149923467333
1700141290000,0.5063420607427697
1700141295000,0.5063214372029324
1700141300000,0.5063214372029324
1700141305000,0.5063388383146701
1700141310000,0.5063388383146701
1700141315000,0.5063388383146701
1700141320000,0.505689841295416
1700141325000,0.505689841295416
1700141330000,0.505689841295416
1700141335000,0.5058348505598969
1700141340000,0.5058348505598969
1700141345000,0.5058348505598969
1700141350000,0.5058200273906388
1700141355000,0.5058200273906388
1700141360000,0.5058200273906388
1700141365000,0.5058354950455168
1700141370000,0.5058354950455168
1700141375000,0.5058354950455168
1700141380000,0.5057368887456699
1700141385000,0.5057368887456699
1700141390000,0.5057368887456699
1700141395000,0.505743333601869
1700141400000,0.505743333601869
1700141405000,0.505743333601869
1700141410000,0.5050208652219448
1700141415000,0.5050208652219448
1700141420000,0.5050595343591396
1700141425000,0.5050595343591396
1700141430000,0.5050595343591396
1700141435000,0.505675662611778
1700141440000,0.505675662611778
1700141445000,0.505675662611778
1700141450000,0.5056982196084749
1700141455000,0.5056982196084749
1700141460000,0.5056982196084749
1700141465000,0.505909610891807
1700141470000,0.505909610891807
1700141475000,0.505909610891807
1700141480000,0.5059141222911464
1700141485000,0.5059141222911464
1700141490000,0.5059141222911464
1700141495000,0.5059141222911464
1700141500000,0.5057349552888101
1700141505000,0.5057349552888101
1700141510000,0.5057349552888101
1700141515000,0.505789092080883
1700141520000,0.505789092080883
1700141525000,0.5060024168210747
1700141530000,0.5060024168210747
1700141535000,0.5060024168210747
1700141540000,0.5053237734633046
1700141545000,0.5053237734633046
1700141550000,0.5054423588173689
1700141555000,0.5054423588173689
1700141560000,0.5054423588173689
1700141565000,0.5054423588173689
1700141570000,0.5060791106098446
1700141575000,0.5060791106098446
1700141580000,0.5060791106098446
1700141585000,0.5060881334085233
1700141590000,0.5060881334085233
1700141595000,0.5061016676065415
1700141600000,0.5061016676065415
1700141605000,0.5061023120921614
1700141610000,0.5061023120921614
1700141615000,0.5061023120921614
1700141620000,0.5055235640054782
1700141625000,0.5055235640054782
1700141630000,0.5055235640054782
1700141635000,0.5055267864335777
1700141640000,0.5055267864335777
1700141645000,0.5055267864335777
1700141650000,0.5061989849351486
1700141655000,0.5061989849351486
1700141660000,0.5061989849351486
1700141665000,0.5061996294207686
1700141670000,0.5061790058809312
1700141675000,0.5061790058809312
1700141680000,0.5061790058809312
1700141685000,0.5061802948521711
1700141690000,0.5061802948521711
1700141695000,0.5061918955933296
1700141700000,0.5061918955933296
1700141705000,0.5127302022073632
1700141710000,0.5127302022073632
1700141715000,0.5127302022073632
1700141720000,0.5127302022073632
1700141725000,0.5131652300008056
1700141730000,0.5131652300008056
1700141735000,0.5131652300008056
1700141740000,0.5078746475469266
1700141745000,0.5078746475469266
1700141750000,0.5078746475469266
1700141755000,0.5078746475469266
1700141760000,0.5071070651736083
1700141765000,0.5071070651736083
1700141770000,0.5071070651736083
1700141775000,0.5073158785144607
1700141780000,0.5073158785144607
1700141785000,0.5073158785144607
1700141790000,0.5073165230000806
1700141795000,0.5073165230000806
1700141800000,0.5073165230000806
1700141805000,0.5073371465399178
1700141810000,0.5073371465399178
1700141815000,0.5073371465399178
1700141820000,0.5073371465399178
1700141825000,0.507343591396117
1700141830000,0.507343591396117
1700141835000,0.507343591396117
1700141840000,0.5073790381052122
1700141845000,0.5073790381052122
1700141850000,0.5073790381052122
1700141855000,0.5073803270764521
1700141860000,0.5073803270764521
1700141865000,0.5073461693385967
1700141870000,0.5073461693385967
1700141875000,0.5073461693385967
1700141880000,0.5073461693385967
1700141885000,0.5073461693385967
1700141890000,0.5073461693385967
1700141895000,0.5073461693385967
1700141900000,0.5073912833319907
1700141905000,0.5073912833319907
1700141910000,0.5074119068718279
1700141915000,0.5073983726738097
1700141920000,0.5073983726738097
1700141925000,0.5073983726738097
